{
  "name": "M5Unified",
  "description": "Library for M5Stack/Core2/Tough, M5StickC/C-Plus, M5CoreInk, M5Paper, M5ATOM, M5STAMP, M5Station",
  "keywords": "M5Unified",
  "authors": {
    "name": "M5Stack, lovyan03",
    "url": "http://www.m5stack.com"
  },
  "repository": {
    "type": "git",
    "url": "https://github.com/m5stack/M5Unified.git"
  },
  "dependencies": [
    {
      "name": "M5GFX",
      "version": ">=0.0.20"
    }
  ],
  "version": "0.0.7",
  "frameworks": "arduino",
  "platforms": "espressif32",
  "headers": "M5Unified.h"
}
