{
  "name": "ESP_DoubleResetDetector",
  "version": "1.3.1",
  "keywords": "rtc, eeprom, littlefs, spiffs, reset, data, esp32, esp32-c3, esp32-s2, esp32-s3, esp8266, double-reset, detector, double-reset-detector",
  "description": "Library to detect a double reset within a predetermined time, using RTC Memory, EEPROM, LittleFS or SPIFFS for ESP8266 and ESP32. An alternative start-up mode can be used. One example use is to allow re-configuration of device WiFi credentials. Now supporting ESP32_C3, ESP32_S2 ans ESP32_S3",
  "authors":
  {
  "name":  "Khoi Hoang",
  "url":   "https://github.com/khoih-prog",
  "maintainer": true
  },  
  "repository":
  {
      "type": "git",
      "url": "https://github.com/khoih-prog/ESP_DoubleResetDetector"
  },
  "homepage": "https://github.com/khoih-prog/ESP_DoubleResetDetector",
  "export": {
    "exclude": [
      "linux",
      "extras",
      "tests"
    ]
  },
  "dependencies":
  [
    {
      "owner": "lorol",
      "name": "LittleFS_esp32",
      "version": "^1.0.6",
      "platforms": ["espressif32"]
    }
  ],
  "frameworks": "arduino",
  "platforms": [ "espressif32", "espressif8266" ],
  "examples": "examples/*/*/*.ino",
  "headers": "ESP_DoubleResetDetector.h"
}
